main_id,ra,dec,plx_value,pmra,pmdec,rvz_radvel,sp_type,otype_txt,flux
"NAME Proxima d",217.42894222160578,-62.67949018907555,768.0665,-3781.741,769.465,,,"Pl?",
"NAME Proxima Centauri",217.42894222160578,-62.67949018907555,768.0665,-3781.741,769.465,-20.578199,"M5.5Ve","PM*",11.13
"NAME Proxima Centauri b",217.42894222160578,-62.67949018907555,768.0665,-3781.741,769.465,,,"Pl",
"NAME Proxima Centauri c",217.42894222160578,-62.67949018907555,768.0665,-3781.741,769.465,,,"Pl?",
"* alf Cen",219.9020833333333,-60.83397222222223,750.81,-3608.0,686.0,-22.3,"G2V+K1V","SB*",-0.1
"* alf Cen A",219.90205833170774,-60.83399268831004,742.12,-3679.25,473.67,-15.252,"G2V","PM*",0.01
"* alf Cen B",219.89609628987276,-60.83752756558407,742.12,-3614.39,802.98,-22.586,"K1V","PM*",1.33
"* alf Cen Ab",219.9020583333333,-60.83399269444445,742.12,-3679.25,473.67,,,"Pl?",
"NAME Barnard's Star b",269.4520769586187,4.693364966576667,546.9759,-801.551,10362.394,,,"Pl",
"NAME Barnard's Star d",269.4520769586187,4.693364966576667,546.9759,-801.551,10362.394,,,"Pl",
"NAME Barnard's star",269.4520769586187,4.693364966576667,546.9759,-801.551,10362.394,-110.11,"M4V","BY*",9.511
"NAME Barnard's Star e",269.4520769586187,4.693364966576667,546.9759,-801.551,10362.394,,,"Pl",
"NAME Barnard's Star c",269.4520769586187,4.693364966576667,546.9759,-801.551,10362.394,,,"Pl",
"NAME Luhman 16",162.32881400000002,-53.319466000000006,501.557,-2767.502,356.856,,"L7.5+T0.5","**",16.2
"WISEA J085510.74-071442.5",133.81890825,-7.247048000000001,439.0,-8123.7,673.2,,"Y2","BD*",
"Wolf  359b",164.1205036259475,7.014723134801666,415.1794,-3866.338,-2699.215,,,"Pl?",
"Wolf  359",164.1205036259475,7.014723134801666,415.1794,-3866.338,-2699.215,19.57,"dM6","PM*",13.507
"Wolf  359c",164.1205036259475,7.014723134801666,415.1794,-3866.338,-2699.215,,,"Pl?",
"HD  95735c",165.8341450816425,35.96988227279361,392.7529,-580.057,-4776.589,,,"Pl",
"HD  95735b",165.8341450816425,35.96988227279361,392.7529,-580.057,-4776.589,,,"Pl",
"HD  95735",165.8341450816425,35.96988227279361,392.7529,-580.057,-4776.589,-84.64,"M2+V","PM*",7.52
"HD  95735d",165.8341450816425,35.96988227279361,392.7529,-580.057,-4776.589,,,"Pl?",
"* alf CMa",101.28715533333335,-16.71611586111111,379.21,-546.01,-1223.07,-5.5,"A0mA1Va","SB*",-1.46
"G 272-61",24.756053899999998,-17.950568099999998,375.0,3296.2,563.9,29.0,"M5.5V+M6V","**",12.08
"* alf CMa B",101.28876746876543,-16.716867983351943,374.4896,-461.571,-914.52,,"DA1.9","WD*",8.44
"G 272-61B",24.756823827312502,-17.950278122424443,373.8443,3178.694,584.061,22.01,"M6V","Em*",
"G 272-61A",24.75573856713083,-17.950718742164163,367.7119,3385.316,544.386,19.82,"M5.5V","PM*",
"CD-23 14742",282.45568240083537,-23.83623538204166,336.0266,639.368,-193.958,-10.494,"M3.5Ve","PM*",10.43
"Ross  248",355.47931791771504,44.17744969753222,316.4812,112.527,-1591.65,-77.51,"M5.0V","BY*",
"* eps Eri",53.23268537982792,-9.458260970518056,310.5773,-974.758,20.876,16.376,"K2V","BY*",3.73
"* eps Eri b",53.23268537982792,-9.458260970518056,310.5773,-974.758,20.876,,,"Pl",
"* eps Eri c",53.23268537982792,-9.458260970518056,310.5773,-974.758,20.876,,,"Pl",
"HD 217987b",346.4668157737879,-35.85307088473306,304.1354,6765.995,1330.285,,,"Pl",
"GJ 887 e",346.4668157737879,-35.85307088473306,304.1354,6765.995,1330.285,,,"Pl",
"HD 217987d",346.4668157737879,-35.85307088473306,304.1354,6765.995,1330.285,,,"Pl",
"GJ 887 f",346.4668157737879,-35.85307088473306,304.1354,6765.995,1330.285,,,"Pl?",
"HD 217987",346.4668157737879,-35.85307088473306,304.1354,6765.995,1330.285,8.82,"M2V","PM*",7.39
"HD 217987c",346.4668157737879,-35.85307088473306,304.1354,6765.995,1330.285,,,"Pl",
"GJ 447 b",176.93498861725834,0.8045556493308333,296.3053,607.299,-1223.028,,,"Pl",
"Ross  128",176.93498861725834,0.8045556493308333,296.3053,607.299,-1223.028,-30.66,"dM4","PM*",11.153
"V* EZ Aqr",339.6399,-15.2999325,293.6,2314.8,2295.3,6824.7,"M5V","Er*",12.38
"*  61 Cyg B",316.7302660185276,38.74204403329556,286.0054,4105.976,3155.942,-64.248,"K7V","PM*",6.03
"*  61 Cyg A",316.7247482895925,38.74941731943694,285.9949,4164.209,3249.614,-65.82,"K5V","BY*",5.21
"* alf CMi",114.82549790798149,5.224987557059477,284.56,-714.59,-1036.8,-4.50528,"F5IV-V+DQZ","SB*",0.37
"HD 173739",280.6946016085025,59.63039151279416,283.8401,-1311.679,1792.325,-0.58,"M3V","PM*",8.93
"HD 173739b",280.6946016085025,59.63039151279416,283.8401,-1311.679,1792.325,,,"Pl",
"HD 173740",280.6953944644875,59.6268669892814,283.8378,-1400.264,1862.525,1.19,"M3.5V","PM*",9.78
"GJ 725 Bb",280.6953944644875,59.62686698928139,283.8378,-1400.264,1862.525,,,"Pl?",
"GJ 725 Bc",280.6953944644875,59.62686698928139,283.8378,-1400.264,1862.525,,,"Pl?",
"HD   1326c",4.5953540832,44.02295498655222,280.7068,2891.518,411.832,,,"Pl",
"HD   1326b",4.5953540832,44.02295498655222,280.7068,2891.518,411.832,,,"Pl",
"HD   1326",4.5953540832,44.02295498655222,280.7068,2891.518,411.832,11.73,"M2V","PM*",8.14
"HD   1326B",4.607604753587916,44.02724789773806,280.6947,2862.796,336.432,11.17,"M3.5V","PM*",11.04
"G  51-15",127.45563663413579,26.77600670640528,279.2496,-1113.694,-612.191,10.62,"M6.5Ve","PM*",
"* eps Ind b",330.8402234423433,-56.785978554364995,274.8431,3966.661,-2536.192,,,"Pl",
"* eps Ind",330.8402234423433,-56.785978554364995,274.8431,3966.661,-2536.192,-40.035,"K5V","PM*",4.69
"* tau Cet c",26.01701307163417,-15.93747989102139,273.8097,-1721.728,854.963,,,"Pl?",
"* tau Cet b",26.01701307163417,-15.93747989102139,273.8097,-1721.728,854.963,,,"Pl?",
"* tau Cet g",26.01701307163417,-15.93747989102139,273.8097,-1721.728,854.963,,,"Pl",
"* tau Cet f",26.01701307163417,-15.93747989102139,273.8097,-1721.728,854.963,,,"Pl",
"* tau Cet",26.01701307163417,-15.93747989102139,273.8097,-1721.728,854.963,-16.597,"G8V","PM*",3.5
"* tau Cet h",26.01701307163417,-15.93747989102139,273.8097,-1721.728,854.963,,,"Pl",
"* tau Cet e",26.01701307163417,-15.93747989102139,273.8097,-1721.728,854.963,,,"Pl",
"* tau Cet d",26.01701307163417,-15.93747989102139,273.8097,-1721.728,854.963,,,"Pl?",
"NAME L 372-58d",53.99874650552501,-44.5127030084914,272.1615,745.654,-373.323,,,"Pl",
"NAME L 372-58c",53.99874650552501,-44.5127030084914,272.1615,745.654,-373.323,,,"Pl",
"L  372-58",53.998746505525006,-44.51270300849139,272.1615,745.654,-373.323,1.035,"M5.5V","PM*",13.07
"NAME L 372-58b",53.99874650552501,-44.5127030084914,272.1615,745.654,-373.323,,,"Pl",
"* eps Ind B",331.04414658852124,-56.782844195116105,270.658,3981.977,-2466.832,,"T1V+T6V","BD*",24.12
"NAME YZ Cet d",18.127653677659172,-16.998988336544166,269.0573,1205.074,637.547,,,"Pl",
"NAME YZ Cet b",18.127653677659172,-16.998988336544166,269.0573,1205.074,637.547,,,"Pl",
"NAME YZ Cet c",18.127653677659172,-16.998988336544166,269.0573,1205.074,637.547,,,"Pl",
"V* YZ Cet",18.127653677659172,-16.998988336544166,269.0573,1205.074,637.547,28.27,"M4.0Ve","PM*",12.074
"BD+05  1668c",111.85207903566794,5.225789303071388,264.1269,571.232,-3691.487,,,"Pl",
"BD+05  1668b",111.85207903566794,5.225789303071388,264.1269,571.232,-3691.487,,,"Pl",
"BD+05  1668",111.85207903566794,5.225789303071388,264.1269,571.232,-3691.487,18.36,"M3.5V","PM*",9.872
"GJ 273 d",111.85207903566794,5.225789303071388,264.1269,571.232,-3691.487,,,"Pl?",
"GJ 273 e",111.85207903566794,5.225789303071388,264.1269,571.232,-3691.487,,,"Pl?",
"NAME Teegarden's Star b",43.253715805170415,16.881286719482496,260.9884,3429.083,-3805.541,,,"Pl",
"NAME Teegarden's Star c",43.253715805170415,16.881286719482496,260.9884,3429.083,-3805.541,,,"Pl",
"NAME Teegarden's Star",43.253715805170415,16.881286719482496,260.9884,3429.083,-3805.541,63.0,"dM6","LM*",15.14
"NAME Teegarden's Star d",43.253715805170415,16.881286719482496,260.9884,3429.083,-3805.541,,,"Pl",
"SCR J1845-6357B",281.27189999999996,-63.96328,259.45,2444.0,696.0,,"T6","BD*",
"HD  33793c",77.91912433145708,-45.018433815243334,254.1986,6491.223,-5708.614,,,"Pl",
"HD  33793",77.91912433145708,-45.01843381524333,254.1986,6491.223,-5708.614,245.234,"M1VIp","PM*",8.853
"HD  33793b",77.91912433145708,-45.018433815243334,254.1986,6491.223,-5708.614,,,"Pl?",
"V* AX Mic",319.3136211170721,-38.86736220516139,251.9124,-3258.966,-1145.862,20.56,"M1V","PM*",6.68
"HD 239960B",336.9991483422729,57.697151875743884,249.9668,-934.098,-686.244,-28.0,"M4V","PM*",
"HD 239960",336.9978041181893,57.695897924620475,249.94,-865.47,-461.53,-33.94,"M3","**",
"SCR J1845-6357",281.27188853878334,-63.96318058599389,249.6651,2583.19,588.504,-18.0,"M8.5V","LM*",17.4
"HD 239960A",336.9981564512275,57.69502237771611,249.3926,-725.227,-223.461,-24.0,"M3V","PM*",11.41
"DENIS J104814.6-395606",162.06072337671375,-39.9352340955186,247.2156,-1179.311,-988.121,-11.0,"M8.5Ve:","LM*",17.532
"Ross  614",97.34746465634959,-2.8135566419502775,242.9659,750.14,-802.947,16.7,"M4.5V","**",11.102
"WISE J072227.27-054029.9",110.616275,-5.675993611111111,242.8,-903.738,351.808,,"T9","BD*",
"BD-12  4523b",247.5752433114095,-12.662589227147778,232.139,-94.21,-1183.917,,,"Pl",
"BD-12  4523d",247.5752433114095,-12.662589227147778,232.139,-94.21,-1183.917,,,"Pl",
"BD-12  4523c",247.5752433114095,-12.662589227147778,232.139,-94.21,-1183.917,,,"Pl",
"BD-12  4523",247.57524331140954,-12.662589227147778,232.139,-94.21,-1183.917,-21.17,"M3V","BY*",10.072
"Wolf   28",12.291243072220414,5.388609396929721,231.78,1231.399,-2711.883,263.0,"DZ7.5","WD*",12.374
"Wolf  424 A",188.32257346994038,9.021123587424446,231.1185,-1795.661,217.789,,,"PM*",
"HD 225213",1.3517851465737503,-37.35736331430695,230.097,5633.438,-2334.721,25.534,"M2V","PM*",8.562
"G   3-33",30.053984665969573,13.051944602566945,223.7321,1096.458,-1771.526,-28.34,"M4.5V","PM*",12.298
"G 3-33b",30.053984665969573,13.051944602566945,223.7321,1096.458,-1771.526,,,"Pl?",
"G 3-33c",30.053984665969573,13.051944602566945,223.7321,1096.458,-1771.526,,,"Pl",
"Wolf  424 B",188.32237406094544,9.020926471346112,223.4775,-1710.468,203.098,,,"PM*",
"GJ 687 c",264.1079137894188,68.3391415631039,219.7898,-320.675,-1269.893,,,"Pl?",
"BD+68   946b",264.1079137894188,68.3391415631039,219.7898,-320.675,-1269.893,,,"Pl",
"BD+68   946",264.1079137894188,68.3391415631039,219.7898,-320.675,-1269.893,-28.65,"M3.0V","PM*",
"CD-46 11540",262.16643990898785,-46.89519113774277,219.6463,572.568,-880.583,-2.904,"M3V","LM*",9.407
"CD-46 11540b",262.16643990898785,-46.89519113774277,219.6463,572.568,-880.583,,,"Pl",
"LP  731-58",162.05255937841667,-11.336002970408334,219.3302,579.019,-1530.076,2.18,"M6.5V","PM*",15.784
"LAWD 37",176.42882056099126,-64.84151721050888,215.6753,2661.64,-344.933,,"DQ","WD*",11.513
"G 208-45",298.4797520974621,44.41504090445889,214.5745,349.363,-480.322,5.46,"M6V","LM*",13.99
"BD-15  6290e",343.31971909853587,-14.26369557005139,214.038,957.715,-673.601,,,"Pl",
"BD-15  6290c",343.31971909853587,-14.26369557005139,214.038,957.715,-673.601,,,"Pl",
"BD-15  6290b",343.31971909853587,-14.26369557005139,214.038,957.715,-673.601,,,"Pl",
"BD-15  6290",343.31971909853587,-14.26369557005139,214.038,957.715,-673.601,-1.47,"M3.5V","**",10.192
"BD-15  6290d",343.31971909853587,-14.26369557005139,214.038,957.715,-673.601,,,"Pl",
"G 208-44",298.4770088165204,44.41426154563861,213.1329,441.562,-434.241,5.79,"M5.5Ve","PM*",13.126
"L  143-23",161.08847046423625,-61.20979871122639,206.9698,-346.208,1611.1,155.852,"M5.5V","PM*",13.92
"G 158-27",1.6799888292112501,-7.538060861407779,206.35,-811.566,-1893.251,-33.7,"M5.5V","PM*",13.837
"NAME G 158-27b",1.6799888292112501,-7.538060861407779,206.35,-811.566,-1893.251,,,"Pl?",
"NAME G 158-27c",1.6799888292112501,-7.538060861407779,206.35,-811.566,-1893.251,,,"Pl?",
"GJ 1002 b",1.6799888292112501,-7.538060861407779,206.35,-811.566,-1893.251,,,"Pl",
"GJ 1002 c",1.6799888292112501,-7.538060861407779,206.35,-811.566,-1893.251,,,"Pl",
"DENIS J025503.3-470049",43.76538627452958,-47.014265806654166,205.4251,1012.445,-554.031,,"L9","BD*",22.921
"HD  88230",152.8422497884929,49.4542363908575,205.3148,-1363.287,-505.77,-25.916,"K6VeFe-1","PM*",6.61
"BD+44  2051",166.3690706208596,43.52677415242249,203.8876,-4406.469,938.527,68.84,"M1.0V","PM*",
"BD+44  2051B",166.37868992532916,43.521634777107494,203.8323,-4339.85,960.696,70.02,"M6.0V","Em*",14.45
"WISE J163940.83-684738.6",249.920156,-68.794066,202.3,579.09,-3104.54,,"Y0pec","BD*",
"V* AD Leo",154.90117007551083,19.87000290182528,201.4064,-498.62,-43.428,12.43,"dM3","PM*",9.52
"HD 204961b",323.3915629966566,-49.008999840841106,201.3252,-45.917,-816.875,,,"Pl",
"HD 204961c",323.3915629966566,-49.008999840841106,201.3252,-45.917,-816.875,,,"Pl",
"HD 204961",323.3915629966566,-49.008999840841106,201.3252,-45.917,-816.875,13.164,"M1.5V","PM*",8.672
"G 158-50",3.8671287410784307,-16.13378620354036,200.53,731.83,-607.73,-26.43,"M4V","**",11.483
"CD-44 11909c",264.26527273611407,-44.31921291471444,199.6944,-705.945,-938.08,,,"Pl",
"CD-44 11909b",264.26527273611407,-44.31921291471444,199.6944,-705.945,-938.08,,,"Pl",
"CD-44 11909",264.26527273611407,-44.31921291471444,199.6944,-705.945,-938.08,-34.869,"M3.5V","PM*",10.946
"* omi02 Eri B",63.84081549227875,-7.658112218552501,199.6911,-2236.169,-3338.955,-21.0,"DA2.9","WD*",9.53
"* omi02 Eri",63.817998412477074,-7.652869660838334,199.608,-2240.085,-3421.809,-42.269,"K0V","PM*",4.43
"* omi02 Eri b",63.817998412477074,-7.652869660838334,199.608,-2240.085,-3421.809,,,"err",
"* omi02 Eri C",63.83973332536918,-7.655748493915556,199.4516,-2247.183,-3409.824,-45.0,"M4.5V","PM*",11.17
"V* EV Lac",341.70721358761165,44.33399288376722,197.9573,-706.216,-458.92,0.287,"M4.0Ve","PM*",10.26
"*  70 Oph",271.363688269495,2.5000988299620857,196.72,124.16,-962.82,-5.8,"K0-V","SB*",4.03
"G   9-38B",134.56311721624292,19.762732423316113,196.2619,-937.133,-34.559,13.0,"M7V","PM*",13.75
"2MASS J09393548-2448279",144.897874,-24.807762,196.0,558.1,-1030.5,,"T8","BD*",
"*  70 Oph B",271.3644289008066,2.498946996844167,195.8563,333.292,-1068.354,-10.0,"K4V","PM*",6.07
"*  70 Oph A",271.36353505499625,2.500146281931389,195.5674,206.525,-1107.492,-9.73,"K0V","SB*",
"* alf Aql",297.69582729638694,8.868321196436963,194.95,536.23,385.29,-26.6,"A7Vn","dS*",0.76
"G   9-38A",134.56281221299125,19.763405033714996,194.1443,-767.06,-100.176,14.0,"M8Ve","PM*",13.93
"2MASS J15065257+7027247",226.71850231482793,70.4569864677289,193.9412,-1194.179,1042.194,,"T6","BD*",
"G  99-49",90.0146009238775,2.706553494371112,192.0135,309.146,-40.368,30.228,"M3.5Ve","PM*",11.31
"2MASS J08173001-6155158",124.37499533622919,-61.92101628481527,191.8362,-156.451,1099.366,,"T6","BD*",
"G 254-29",176.9224454840937,78.69116006356583,190.3251,748.418,480.804,-111.51,"M4.0V","PM*",
"G   9-38",134.5627574,19.7630445,190.0,-862.0,-54.0,13.0,"M7V+M7V","**",
"UCAC4 195-119117",235.18140187997787,-51.026656989971386,187.729,1949.461,-324.789,86.529,"M7.0V","PM*",
"NAME HD 101847BC",175.79911253208334,-39.43232140305555,187.2,-319.83,203.84,,,"**",
"LP  656-38",75.48927554894667,-6.946215633749168,186.0466,-551.746,-533.648,42.49,"M4.0Ve","PM*",12.196
"NAME LP 656-38c",75.48927554894667,-6.946215633749168,186.0466,-551.746,-533.648,,,"Pl",
"NAME LP 656-38b",75.48927554894667,-6.946215633749168,186.0466,-551.746,-533.648,,,"Pl",
"2MASS J02540788+0223563",43.53285999999999,2.398985,185.0,2578.0,309.0,,"T8.0","BD*",
"HD 119850",206.43239816550954,14.891519918732497,183.9962,1776.006,-1455.156,15.74,"M2V","PM*",8.5
"EGGR 180",67.80238099867749,58.978136863278614,181.273,1334.78,-1947.638,2.0,"DC5","WD*",
"G 175-34",67.79797678916874,58.97707329124862,181.2438,1300.365,-2046.106,29.05,"M4.0V","PM*",10.98
"GJ 251 c",103.70399193056876,33.268177300671944,179.0629,-726.672,-398.102,,,"Pl",
"HD 265866",103.70399193056876,33.268177300671944,179.0629,-726.672,-398.102,23.04,"M3V","PM*",
"HD 265866b",103.70399193056876,33.268177300671944,179.0629,-726.672,-398.102,,,"Pl?",
"LP  816-60",313.13756918394324,-16.974723133873056,177.9312,-309.115,37.051,16.46,"M4V","PM*",11.458
"2MASS J11145133-2618235",168.71390499999998,-26.306545,176.8,-2927.2,-374.2,,"T7.5","BD*",
"WISE J035000.32-565830.2",57.50248537499999,-56.973400805555556,176.4,-208.7,-575.4,,"Y1","BD*",
"WISEP J174124.25+255319.5",265.35258600000003,25.892878,176.0,-495.0,-1472.0,,"T9","BD*",
"LSR J1835+3259",278.90783384444705,32.99814336087223,175.793,-72.65,-755.146,8.4,"M8.5V","PM*",
"HD  36395",82.8641491050671,-3.6772288901391654,175.3131,761.631,-2092.209,8.56,"M1.5Ve","PM*",7.968
"2MASSI J0415195-093506",63.831432,-9.585187000000001,174.34,2193.0,527.0,49.6,"T8.0","BD*",
"Gaia DR3 6305165514134625024",224.9766109720996,-18.53771255437806,174.0253,8.936,-9.868,,,"*",
"HD  42581",92.64422889923625,-21.86462676470167,173.574,-135.692,-719.178,4.63,"M1V","PM*",8.125
"HD  42581b",92.64422889923625,-21.86462676470167,173.574,-135.692,-719.178,,,"Pl",
"HD  42581c",92.64422889923625,-21.86462676470167,173.574,-135.692,-719.178,,,"Pl",
"HD  42581d",92.64422889923625,-21.86462676470167,173.574,-135.692,-719.178,,,"Pl",
"* sig Dra",293.0899592077504,69.66117661255723,173.4939,597.384,-1738.286,26.734,"K0V","PM*",4.68
"HD  42581B",92.645,-21.866666666666667,173.19,-137.0,-714.1,,"T6.5","BD*",
"Ross   47",85.53861536337459,12.489334676545553,172.6762,1997.342,-1569.355,106.24,"M4V","BY*",11.509
"HD 131977",224.36666996615494,-21.41547979591945,169.8843,1031.472,-1723.619,26.987,"K4V","BY*",5.72
"HD 131977b",224.36666996615494,-21.41547979591945,169.8843,1031.472,-1723.619,,,"Pl?",
"L  205-128",266.64263781037704,-57.31904401366557,169.8042,-1116.909,-1353.927,-42.937,"M3.5V","PM*",10.783
"GJ 570 D",224.312344,-21.363264,169.3,1038.08,-1677.69,28.9,"T8","BD*",
"L  347-14",290.1999346677496,-45.55823431625721,169.2351,658.775,-2896.15,6.601,"M4.5V","PM*",12.23
"V* BR Psc",357.3021878550325,2.401223743581389,169.2163,992.72,-968.806,-71.16,"dM1","BY*",8.993
"HD 180617",289.23023570363335,5.1689001539355575,169.0615,-579.081,-1332.868,35.884,"M3-V","PM*",9.115
"HD 180617b",289.23023570363335,5.1689001539355575,169.0615,-579.081,-1332.868,,,"Pl",
"CD-40  9712",233.05388462875788,-41.27559178719,168.9965,-1176.447,-1030.97,21.459,"M2.5V","PM*",9.311
"VB 10",289.2400456449525,5.150444700948055,168.9537,-598.761,-1366.063,36.7,"M8V","PM*",17.3
"* eta Cas",12.276227476217503,57.81517728880999,168.8322,1078.609,-551.133,8.404,"F9V","PM*",3.44
"HD 131976",224.3605554166666,-21.411549388888883,168.77,961.78,-1677.83,25.9,"M1.5V","SB*",8.065
"* eta Cas B",12.271632750996249,57.81782624126639,168.7186,1144.693,-469.668,8.6837,"K7Ve","PM*",7.51
"*  36 Oph",258.8374330733334,-26.602821420833333,168.54,-465.31,-1140.97,0.38,"K2V+K1V","**",
"*  36 Oph B",258.83743260923,-26.602825956905555,168.1303,-465.861,-1141.168,0.1,"K1V","PM*",5.03
"*  36 Oph A",258.8365985355513,-26.601699224429723,168.0031,-498.6,-1149.158,0.62,"K2V","PM*",5.08
"V* V2215 Oph",259.0556767257492,-26.54614904538722,167.9617,-479.573,-1124.332,-0.09,"K5V","RS*",6.34
"HD 155876",258.03296559345796,45.66589324737053,167.29,348.59,-1624.84,-30.9,"M3V","SB*",9.523
"V* YZ CMi",116.16738460269337,3.5524653409927773,166.9769,-347.782,-445.702,26.66,"M4.0Ve","PM*",11.225
"WISE J154151.65-225024.9",235.46787133333333,-22.840196111111116,166.9,-902.8,-91.4,,"Y0","BD*",
"HD 191408",302.7997448709225,-36.10120881266862,166.3272,458.882,-1576.732,-129.3,"K2.5V","PM*",5.32
"* e Eri c",49.9818788009275,-43.069781996785,165.5242,3035.017,726.964,,,"Pl",
"* e Eri b",49.9818788009275,-43.069781996785,165.5242,3035.017,726.964,,,"Pl",
"* e Eri e",49.9818788009275,-43.069781996785,165.5242,3035.017,726.964,,,"Pl",
"* e Eri f",49.9818788009275,-43.069781996785,165.5242,3035.017,726.964,,,"Pl?",
"* e Eri d",49.9818788009275,-43.069781996785,165.5242,3035.017,726.964,,,"Pl",
"* e Eri",49.9818788009275,-43.069781996785,165.5242,3035.017,726.964,87.882,"G6V","PM*",4.27
"* e Eri g",49.9818788009275,-43.069781996785,165.5242,3035.017,726.964,,,"Pl?",
"V* QY Aur",107.50763989947708,38.52946847313889,165.2147,-439.42,-944.793,66.968002,"M4.5Ve","SB*",11.52
"* del Pav",302.1817036316884,-66.18206743589695,163.9544,1211.761,-1130.237,-21.543,"G8IV","PM*",3.56
"SIMP J013656.5+093347.3",24.23566892492917,9.563142212769169,163.4478,1238.244,-16.156,11.5,"T2.0","BD*",
"2MASSI J0937347+293142",144.395332,29.528053,163.39,973.0,-1298.0,-5.0,"T6","BD*",
"HD 191849",303.4724843743875,-45.16401959745389,162.2171,778.331,-159.939,-32.961,"M0V","PM*",7.966
"BD+19  5116",352.96741241175175,19.937264025562538,161.76,554.64,-60.43,1.5,"M3.5V","**",10.165
"WISE J220905.73+271143.9",332.2700207083333,27.19948402777778,161.7,1202.2,-1365.4,,"Y0V","BD*",
"HD 152751",253.86982320416666,-8.336329958055554,161.41,-825.84,-873.53,14.89,"M3.5Ve","SB*",9.023
"EGGR 372",267.03330341493705,70.87664501391278,160.9952,-1266.387,1108.801,,"DQ9P","WD*",
"BD-11  3759",218.57004859310788,-12.519559582093887,159.9225,-355.138,593.04,-1.28,"M3.5V","BY*",11.317
"NAME HN Lib b",218.57004859310788,-12.519559582093887,159.9225,-355.138,593.04,,,"Pl?",
"BD+19  5116B",352.9690639074758,19.93722361842083,159.9085,552.349,20.275,3.41,"M4.0Ve","PM*",
"GJ 896 Ab",352.9673910466166,19.937258443956946,159.6634,578.009,-59.769,,,"Pl?",
"BD+19  5116A",352.9673910466166,19.937258443956946,159.6634,578.009,-59.769,0.31,"M3.5Ve","PM*",10.35
"BD-07  4003b",229.86177891146036,-7.722274860407221,158.7183,-1221.278,-97.229,,,"Pl",
"BD-07  4003d",229.86177891146036,-7.722274860407221,158.7183,-1221.278,-97.229,,,"Pl",
"BD-07  4003c",229.86177891146036,-7.722274860407221,158.7183,-1221.278,-97.229,,,"Pl",
"BD-07  4003g",229.86177891146036,-7.722274860407221,158.7183,-1221.278,-97.229,,,"Pl?",
"BD-07  4003e",229.86177891146036,-7.722274860407221,158.7183,-1221.278,-97.229,,,"Pl",
"BD-07  4003f",229.86177891146036,-7.722274860407221,158.7183,-1221.278,-97.229,,,"Pl?",
"BD-07  4003",229.86177891146036,-7.722274860407221,158.7183,-1221.278,-97.229,-9.24,"M3V","BY*",10.56
"WISE J140518.39+553421.3",211.33853904166665,55.57191069444445,158.2,-2334.8,226.8,,"Y0(pec?)","BD*",
"HD  79210",138.59489526034582,52.686608750931384,157.8879,-1545.787,-569.053,11.5,"K7V","SB*",
"HD  79211b",138.60284519441623,52.686361797752774,157.8825,-1573.04,-659.906,,,"Pl?",
"HD  79211",138.60284519441623,52.686361797752774,157.8825,-1573.04,-659.906,12.43,"M0V","PM*",
"LP  368-128",135.09810882668793,21.834694814169445,157.2686,-514.942,-592.253,9.26,"M6.5Ve","PM*",16.1
"2MASS J15031961+2525196",225.83171209743372,25.422165466394166,155.7758,87.414,557.78,-40.5,"T5.5","BD*",
"LP  944-20",54.89688479175417,-35.428789443425835,155.5982,309.001,269.058,7.43,"M9.5Ve","LM*",18.69
"EGGR  45",88.78971036312959,-4.168629261394723,155.2373,535.249,-2317.011,,"DZ11","WD*",14.45
"V* GL Vir",184.74749886977372,11.126048121199167,154.6999,-1269.771,203.444,6.0,"M4.5Ve","PM*",13.9
"NAME G 202-48b",246.35259599522124,54.304101518233324,154.3503,432.23,-171.652,,,"Pl",
"G 202-48",246.35259599522124,54.304101518233324,154.3503,432.23,-171.652,-13.01,"M1.5V","PM*",10.07
"VB  8",253.89689890597333,-8.39465363140972,153.9659,-813.038,-870.609,15.68,"M7Ve","LM*",16.916
"HD 152751C",253.85509268901828,-8.322582491435277,153.8754,-817.58,-898.595,15.839,"M3.5V","PM*",11.759
"L  100-115",145.69309564629958,-68.88500248283722,153.7593,-75.828,1128.849,30.96,"M4.0V","PM*",12.78
"HD 219134h",348.3207290015033,57.16835661767193,152.864,2074.414,294.452,,,"Pl",
"HD 219134e",348.3207290015033,57.16835661767193,152.864,2074.414,294.452,,,"Pl",
"HD 219134",348.3207290015033,57.16835661767194,152.864,2074.414,294.452,-18.475,"K3V","PM*",5.57
"HD 219134f",348.3207290015033,57.16835661767193,152.864,2074.414,294.452,,,"Pl",
"NAME HD 219134.04",348.3207290015033,57.16835661767193,152.864,2074.414,294.452,,,"Pl?",
"HD 219134g",348.3207290015033,57.16835661767193,152.864,2074.414,294.452,,,"Pl",
"HD 219134d",348.3207290015033,57.16835661767193,152.864,2074.414,294.452,,,"Pl",
"HD 219134c",348.3207290015033,57.16835661767193,152.864,2074.414,294.452,,,"Pl",
"HD 219134b",348.3207290015033,57.16835661767193,152.864,2074.414,294.452,,,"Pl",
"WISEA J082507.37+280548.2",126.28085112499996,28.09746211111111,152.6,-66.7,-235.8,,"Y0.5","BD*",
"WISE J041022.71+150248.4",62.59198383333333,15.053051111111111,151.3,960.3,-2219.4,,"Y0","BD*",
"L  471-42",189.70457672061582,-38.381575117324445,150.0781,-665.164,-1312.638,27.885,"M4.5V","PM*",12.74
"* ksi Boo",222.8474163722046,19.100472048411426,148.98,154.98,-66.43,-21.3,"G7Ve+K5Ve","BY*",4.593
"NAME Scholz's star",110.013557,-8.780528999999998,148.8,-52.7,-95.8,83.1,"M9.5+T5","LM*",
"Ross  104",165.01773753095082,22.832956947207222,148.1986,-426.958,-282.298,3.29,"M4V","PM*",10.02
"* ksi Boo B",222.84601533759,19.10191326331,148.1793,133.376,-182.059,2.29,"K5Ve","PM*",6.816
"* ksi Boo A",222.84745194146,19.10044994484,148.0695,127.468,-40.569,1.49,"G7Ve","PM*",4.675
"Ross  619",122.98987155390793,8.773042468212774,147.7218,1069.812,-5094.22,14.597,"M4.5V","PM*",12.834
"Ross  775",322.4033832271551,17.643295969293057,147.4958,1007.04,378.4,-25.109,"M3.0V","SB*",10.303
"G  41-14",134.73467,8.4739078,146.97,382.3,-326.5,-5.91496,"M3.5V","SB*",10.98
"2MASS J19284155+2356016",292.17295430678786,23.93393621721361,146.4067,-246.999,240.43,,"T6","BD*",
"HD 156384",259.7381867998679,-34.98976154533223,146.29,1129.76,-77.02,0.0,"K3V+K5V","**",5.89
"NAME BD-17 588Ab",45.46414028376999,-16.59334199403472,145.6922,-369.972,-267.931,,,"Pl",
"NAME BD-17 588Ac",45.46414028376999,-16.59334199403472,145.6922,-369.972,-267.931,,,"Pl?",
"BD-17   588A",45.46414028376999,-16.59334199403472,145.6922,-369.972,-267.931,-6.1,"M3V","PM*",10.529
"NAME LTT 1445Ad",45.46414028376999,-16.59334199403472,145.6922,-369.972,-267.931,,,"Pl?",
"HD 216899",344.14501938785963,16.553432121274447,145.6234,-1034.733,-284.131,-27.5,"M1.5V","PM*",8.638
"CWISE J105512.11+544328.3",163.81161604166667,54.72554863888889,145.0,-1518.7,-222.7,,"sdT8","BD*",
"Wolf  358",162.7167968251621,6.808127671502777,143.5391,-856.289,-818.583,-0.85,"M4V","BY*",11.675
"NAME BD-17 588BC",45.462820300000004,-16.5919628,142.57,-388.3,-281.1,-5.592,"M2.5V","**",10.59
"BD+01  2447",157.2314636792975,0.8409996957155557,142.0951,-602.992,-731.882,8.36,"dM2","PM*",9.65
"GJ 393 b",157.2314636792975,0.8409996957155557,142.0951,-602.992,-731.882,,,"Pl?",
"HD 199305",313.3324538386721,62.154393683718055,142.0543,0.259,-773.096,-17.168,"M1.0V","PM*",
"LSPM J2146+3813",326.59196860781,38.21804925273,141.8946,161.454,-119.739,-82.622,"M5V","PM*",
"LP  914-54",224.15943113148623,-28.163505320412494,141.7891,-490.285,-843.482,1.0,"M7.0Ve","Em*",17.141
"2MASS J05212615+1025328",80.358986,10.425799,141.2,216.0,-418.2,,"T7.5","BD*",
"WISE J205628.91+145953.2",314.117960875,14.99661138888889,140.8,825.8,528.8,,"Y0","BD*",
"L  230-188",62.61718081343875,-53.60226070933555,140.6961,-825.179,-2415.578,0.052,"M4.5V","PM*",13.58
"WISE J004945.61+215120.0",12.442033,21.855675,140.4,-479.4,-54.0,,"T8.5","BD*",
"G 157-77",353.79359344456117,-2.3890593186402778,139.3389,781.419,-841.516,-10.384,"M5.0Ve","PM*",14.69
"V* BX Cet",39.06361196853625,6.871643222118333,138.4371,1801.671,1450.487,26.268,"M3.5V","BY*",
"HD  16160",39.020422237076254,6.886773237304166,138.34,1778.585,1477.306,25.874,"K3V","PM*",
"2MASS J08354256-0819237",128.92721434331168,-8.323158924749723,138.3147,-534.811,301.65,29.89,"L6.5","BD*",
"GJ 4274 b",335.7791533548229,-17.607314733412778,138.228,308.712,-718.387,,,"Pl",
"GJ 4274 c",335.7791533548229,-17.607314733412778,138.228,308.712,-718.387,,,"Pl",
"L  788-34",335.7791533548229,-17.607314733412778,138.228,308.712,-718.387,,"M4.5Ve","PM*",13.316
"HD 156384Cg",259.7451137490841,-34.99683685371723,138.0663,1131.517,-215.569,,,"Pl",
"HD 156384Cb",259.7451137490841,-34.99683685371723,138.0663,1131.517,-215.569,,,"Pl",
"HD 156384Cc",259.7451137490841,-34.99683685371723,138.0663,1131.517,-215.569,,,"Pl",
"HD 156384Cd",259.7451137490841,-34.99683685371723,138.0663,1131.517,-215.569,,,"Pl?",
"HD 156384C",259.7451137490841,-34.99683685371723,138.0663,1131.517,-215.569,6.368,"M1.5V","PM*",10.22
"HD 156384Ce",259.7451137490841,-34.99683685371723,138.0663,1131.517,-215.569,,,"Pl",
"HD 156384Ch",259.7451137490841,-34.99683685371723,138.0663,1131.517,-215.569,,,"Pl?",
"HD 156384Cf",259.7451137490841,-34.99683685371723,138.0663,1131.517,-215.569,,,"Pl",
"2MASS J06073908+2429574",91.91258305247833,24.499109466049998,138.0616,-472.871,-318.464,-11.9,"L9","BD*",
"WISEP J031325.96+780744.2",48.357532416666665,78.1288448611111,135.6,73.9,53.8,,"T8.5","BD*",
"2MASSW J1507476-162738",226.9486492731425,-16.461142773012774,134.9474,-151.795,-896.012,-39.85,"L5V","BD*",22.136
"HD   4628",12.095733229549584,5.280613745820556,134.4948,755.894,-1141.719,-10.165,"K2.5V","PM*",5.74
"Wolf  922",322.8273709538331,-9.7906895203813,134.0831,1246.51,-61.066,-56.333599,"M4.5V","**",12.006
"* bet Hyi",6.4377931550222804,-77.25424611998604,134.07,2219.54,324.09,23.085,"G0V","PM*",2.79
"G  24-16",307.4513246532652,9.689052918565,133.8113,669.342,101.33,-28.61,"M4.5V","Er*",
"Gaia DR3 6702242043883732864",274.52631556045833,-51.41119915009361,132.7692,-148.769,214.536,,,"PM*",
"G 203-47",257.38143158518375,43.68132579525833,131.5996,332.032,-274.501,-27.87,"M3.5V","SB*",13.671
"V* TW PsA",344.1002189853825,-31.565564051324166,131.5525,330.203,-158.602,7.153,"K4Ve","BY*",6.48
"G 141-36",282.0730722831846,7.6892184737413904,131.279,376.042,248.719,-34.0,"M5.0V","PM*",
"2MASS J20005017+3629465",300.209069,36.496262,131.2,1.9,368.4,,"T8","BD*",
"GJ 514 b",202.49910791431287,10.377162370159724,131.1013,1127.341,-1073.888,,,"Pl?",
"BD+11  2576",202.49910791431287,10.377162370159724,131.1013,1127.341,-1073.888,14.47,"M1.0V","PM*",9.029
"WISE J173835.53+273259.0",264.6469630833333,27.550652611111115,130.9,337.1,-343.4,,"Y0","BD*",
"G 258-33",274.7384690951179,66.19258453656946,130.8531,434.811,-442.79,5.73,"M4.5Ve","PM*",
"* 107 Psc",25.624010521366664,20.26851268269722,130.8234,-300.737,-673.539,-33.619,"K1V","PM*",5.24
"WISEA J235402.79+024014.1",358.510076875,2.6718170277777777,130.6,503.5,-399.5,,"Y1","BD*",
"L  499-56",330.622434576625,-37.08091797926029,130.4186,805.687,-229.741,-13.51,"M3.5V","PM*",
"* mu. Cas",17.06792893936375,54.920155889239716,130.2881,3468.251,-1564.844,-96.488899,"G5Vb","SB*",5.17
"* alf PsA C",342.0187202090404,-24.368810498159718,130.2707,331.609,-183.805,6.646,"M4.0Ve","**",12.624
"* alf Lyr",279.234734787025,38.783688956244,130.23,200.94,286.23,-13.5,"A0V","dS*",0.03
"V* VX Ari",41.064623921057915,25.523365237277776,130.1956,864.525,-363.196,30.64,"dM3","PM*",10.563
"HD  16160B",39.01958333333334,6.887499999999999,130.01,,,,,"LM*",16.77
"* alf PsA",344.4126927211701,-29.622237033389442,129.81,328.95,-164.67,6.5,"A4V","PM*",1.16
"* alf PsA b",344.41269270833334,-29.622237027777782,129.81,328.95,-164.67,,,"Pl",
"BD-03  2870",153.07361770816,-3.7456644563700006,129.7544,-152.76,-243.693,7.87,"M2V","PM*",9.264
"HD 157881",261.4384684594025,2.111423259000556,129.6459,-580.325,-1184.737,-23.523,"K7V","PM*",7.56
"SIPS J1259-4336",194.76987486644956,-43.606787645658336,129.4288,1102.919,-264.536,,"M8:","LM*",
"LP  881-64",6.184072878621667,-27.14035089794833,129.3167,-92.739,695.956,-35.1,"M5.5/6Ve+M8.5Ve+M9/9.5V","**",15.338
"NAME G 192-13b",90.29602297717082,59.597190018169165,129.3014,-104.942,-928.628,,,"Pl",
"G 192-13",90.29602297717082,59.597190018169165,129.3014,-104.942,-928.628,2.2,"M4.0V","PM*",
"HD 165222",271.2815781328108,-3.0313192179638886,129.2184,569.735,-332.726,32.688,"M0V","PM*",9.36
"G 109-35",104.87006874422794,19.348849408348055,128.9866,909.121,-894.549,-29.475,"M5.0Ve","PM*",
"G 227-22",270.5691827808592,64.26228933348445,128.3057,196.394,-383.789,-0.082884,"M5Ve","PM*",13.373
"WISEP J180026.60+013453.1",270.11032772316537,1.5824708462352777,128.0546,183.734,-384.108,-5.1,"L7.5","BD*",
"* p Eri",24.94808137260525,-56.19641657720309,127.84,282.16,10.56,23.48,"K2V+K2V","**",
"G 202-45",246.0388071440814,48.3530854370768,127.4785,1151.232,-499.079,-26.98,"M3.0V","SB*",
"WISE J000517.48+373720.5",1.3192249999999999,37.62312480555555,126.9,997.3,-271.6,,"T9","BD*",
"2MASS J07290002-3954043",112.250104,-39.901222,126.3,-566.6,1643.4,,"T8pec","BD*",
"G 154-44",271.8868237931912,-15.963074553830275,125.4509,-618.406,-347.007,-32.69,"M4.0Ve","PM*",13.48
"SCR J0740-4257",115.049196549005,-42.96119221425862,125.3028,-483.458,504.774,27.575,"M4.5","PM*",13.835
"CD-44  3045",104.44417762918835,-44.29119770526807,124.85,-1103.65,-41.45,-21.5,"M3.5V","**",10.846
"* pi.03 Ori",72.46004668811875,6.961277950629445,124.6198,463.954,11.937,22.47,"F6V","PM*",3.19
"CD-44  3045A",104.44427172710292,-44.291178357890836,124.5695,-1118.073,-48.934,,"M3V","PM*",11.48
"CD-44  3045B",104.44375008608293,-44.291093883489445,124.3569,-1172.189,-125.37,,"M3","PM*",11.29
"G 122-49",177.74050219134625,48.37737810642361,124.3378,-1545.069,-962.724,-35.12,"M4.5V","PM*",
"GJ 1151 c",177.74050219134625,48.37737810642361,124.3378,-1545.069,-962.724,,,"Pl?",
"GJ 1151 b",177.74050219134625,48.37737810642361,124.3378,-1545.069,-962.724,,,"Pl?",
"L  399-68",190.19287249344916,-43.566386594184436,124.1851,-782.09,689.561,-35.294,"M3V","PM*",12.239
"* chi Dra",275.2640939542736,72.73284772361531,124.11,531.21,-349.71,31.9,"F7V","SB*",3.58
"Wolf  437b",191.98593570549582,9.751398796318611,123.7756,-1008.267,-460.034,,,"Pl",
"Wolf  437",191.98593570549582,9.751398796318611,123.7756,-1008.267,-460.034,19.18,"M3.5V","PM*",11.395
"2MASSW J2148162+400359",327.06791107888955,40.0664810699475,123.6752,772.176,458.243,-14.52,"L7","BD*",
"G 262-15",307.6335224872163,65.44955871051779,123.6547,443.264,283.354,10.7,"M3V","PM*",
"G  13-22",183.5689540088558,0.6239895692830557,123.643,-951.336,-284.049,-12.88,"M4.5Ve","PM*",
"L  674-15",123.17037072007041,-21.551939599598054,123.2033,13.458,-693.987,9.066,"M3.5V","PM*",12.13
"EGGR 290",89.10608328686959,5.363456437908611,123.1989,-444.685,-925.14,,"DA8P","WD*",14.13
"IRAS 21500+5903",327.9096642688307,59.294407739507,123.0568,-79.19,10.517,-1.49,"dM4.0","PM*",10.64
"BD+18  3421",264.472278507312,18.59171224901472,122.5546,926.638,984.455,-9.61,"M1.5V","PM*",9.577
"BD+18  3421b",264.472278507312,18.59171224901472,122.5546,926.638,984.455,,,"Pl",
"LAWD 26",118.28393292542376,-67.79205055873194,122.413,1467.123,-1489.721,93.2,"DA9.0","WD*",14.09
"UGPS J052127.27+364048.6",80.36457887499999,36.678112999999996,122.2,569.0,-1511.0,,"T8.5","BD*",
"* p Eri A",24.94921956595,-56.193317864549996,122.1088,262.615,14.961,21.59,"K2V","PM*",5.685
"* p Eri B",24.948186303551665,-56.196448108297496,122.0035,309.23,10.815,20.14,"K2V","PM*",5.797
